Size,Insertion,Merge sort,Counting,Quicksort,Heapsort
100,1.7429828643798828,0.2975940704345703,0.20236968994140625,1.294708251953125,0.7992744445800781
500,99.20229911804199,3.0942916870117188,0.5998373031616211,18.961763381958008,5.0872802734375
1000,217.04187393188477,6.384515762329102,1.3919353485107422,77.59413719177246,11.278510093688965
1500,500.3153324127197,10.05260944366455,1.895308494567871,179.32143211364746,17.736220359802246
2000,975.218939781189,14.660358428955078,2.3889541625976562,479.95221614837646,34.26628112792969
