Size,Insertion,Merge sort,Counting,Quicksort,Heapsort
100,1.1382102966308594,0.6981372833251953,0.0029087066650390625,0.0995635986328125,0.3990650177001953
500,20.553278923034668,3.6870718002319336,0.439453125,1.9946813583374021,5.693674087524414
1000,107.73978233337402,7.977890968322753,1.1150360107421875,4.005289077758789,12.166976928710938
1500,255.18455505371097,10.548138618469238,1.6101360321044922,5.943942070007324,18.23728084564209
2000,461.52055263519287,17.023444175720215,2.496004104614258,8.87134075164795,27.059102058410645
