Size,Insertion,Merge sort,Counting,Quicksort,Heapsort
100,0.0,0.299072265625,0.09734630584716797,1.6942739486694336,0.6973743438720703
500,0.0,3.306126594543457,0.4992246627807617,39.69078063964844,5.685067176818848
1000,0.27632713317871094,5.957508087158203,1.1857032775878906,165.3501033782959,12.865591049194336
1500,0.4133462905883789,10.676312446594238,1.272273063659668,369.9598550796509,18.25087070465088
2000,0.4990100860595703,14.071202278137207,2.203965187072754,788.8043403625488,28.041696548461914
